Banda Aceh,1
Lhokseumawe,1
Langsa,1
Simeulu,1
Subulussalam,1
Meulaboh,1
Sabang,1
Blangmangat,1
Tapaktuan,1
Jantho,1
Denpasar,2
Singaraja,2
Kulat,2
Kelandis,2
Bebandem,2
Ubud,2
Ban,2
Serang,4
Cilegon,4
Rangkasbitung,4
Tatakan,4
Bengkulu,5
Gorontalo,6
Jakarta,7
Cakung,7
Jambi,8
Sungai Penuh,8
Bekasi,9
Depok,9
Tangerang,9
Sangereng,9
Sumedang,9
Bogor,9
Tasikmalaya,9
Cimahi,9
Bandung,9
Cibinong,9
Cimanggis,9
Sukabumi,9
Cirebon,9
Karawang,9
Pondokaren,9
Pasarkemis,9
Beji,9
Cikupa,9
Ciputat,9
Banjar,9
Padalarang,9
Curug,9
Purwakarta,9
Cianjur,9
Sawangan,9
Tigaraksa,9
Cinere,9
Teluknaga,9
Subang,9
Garut,9
Leuwiliang,9
Indramayu,9
Soreang,9
Tarogong,9
Kuningan,9
Baleraja,9
Pelabuhanratu,9
Ciamis,9
Sumber,9
Sepatan,9
Cisauk,9
Kresek,9
Kronjo,9
Majalengka,9
Singaparna,9
Parigi,9
Cimerak,9
Tegalbuleud,9
Cipanas,9
Semarang,10
Jepara,10
Cilacap,10
Surakarta,10
Pekalongan,10
Tegal,10
Purwokerto,10
Salatiga,10
Petarukan,10
Batang,10
Magelang,10
Pati,10
Rawasari,10
Ambarawa,10
Karanganyar,10
Mandiraja Kulon,10
Gombong,10
Tlagasana,10
Karimunjawa,10
Surabaya,11
Malang,11
Jember,11
Kediri,11
Probolinggo,11
Madiun,11
Pasuruan,11
Batu,11
Banyuwangi,11
Gubeng,11
Mojokerto,11
Blitar,11
Lawang,11
Sumenep,11
Tuban,11
Slateng Dua,11
Pontianak,12
Singkawang,12
Pemangkat,12
Putussibau,12
Banjarmasin,13
Banjarbaru,13
Martapura,13
Barabai,13
Kandangan,13
Amuntai,13
Palangkaraya,14
Sampit,14
Kuala Kapuas,14
Muara Teweh,14
Puruk Cahu,14
Kuala Pembuang,14
Kasongan,14
Buntok,14
Kuala Kurun,14
Tamiang Layang,14
Samarinda,15
Balikpapan,15
Bontang,15
Tarakan,16
Tanjung Selor,16
Pangkalpinang,16
Tanjungpandan,16
Sungailiat,16
Toboali,16
Manggar,16
Sungaiselam,16
Bagam,17
Tanjungpinang,17
Buton,17
Bandar Lampung,18
Metro,18
Menggala,18
Kotabumi,18
Ambon,19
Saumlaki,19
Tual,19
Amahai,19
Namlea,19
Saparua,19
Haria,19
Ternate,20
Soasio,20
Sofifi,20
Tobelo,20
Maba,20
Galela,20
Lembok,21
Mataram,21
Bima,21
Raba,21
Sumbawa Besar,21
Taliwang,21
Dompu,21
Praya,21
Kupang,22
Maumere,22
Ende,22
Atambua,22
Ruteng,22
Waingapu,22
Kefamenanu,22
Larantuka,22
Soe,22
Leramatang,22
Betun,22
Tambolaka,22
Waikabubak,22
Kalabahi,22
Pajo,22
Jayapura,23
Biak,23
Sentani,23
Tinipuka,23
Tembagapura,23
Sorong,24
Manokwari,24
Bintuni,24
Teminabuan,24
Fakfak,24
Ransiki,24
Kaimana,24
Wamena,24
Merauke,24
Nabire,24
Pekanbaru,25
Dumai,25
Bagan Si Api-api,25
Kampung Tengah,25
Bangkinang,25
Sungai Guntung,25
Mamuju,26
Majene,26
Makassar,27
Pinrang,27
Palopo,27
Parepare,27
Watampone,27
Rantepao,27
Barru,27
Masamba,27
Rappang,27
Makale,27
Palu,28
Paleng,28
Luwuk,28
Poso,28
Ampana,28
Bungku,28
Kolonodale,28
Kendari,29
Baubau,29
Raha,29
Manado,30
Bitung,30
Kotamobagu,30
Tomohon,30
Tahuna,30
Airmadidi,30
Melonguane,30
Modisi,30
Padang,31
Payakumbuh,31
Bukittinggi,31
Padangpanjang,31
Pariaman,31
Solok,31
Sawahlunto,31
Bayur,31
Painan,31
Palembang,32
Lubuklinggau,32
Prabumulih,32
Pageralam,32
Lahat,32
Medan,33
Pematangsiantar,33
Binjai,33
Padangsidempuan,33
Tebingtinggi,33
Rantau Prapat,33
Tanjungbalai,33
Kisaran,33
Gunungsitoli,33
Sibolga,33
Pangururan,33
Tarutung,33
Yogyakarta,34
Sonosari,34
